,model_trace_features,model_trace_features,model_trace_features,model_trace_features
,trace_length,n_transition,n_place,n_arc
count,19.0,19.0,19.0,19.0
mean,73.05263157894737,209.47368421052633,185.94736842105263,470.94736842105266
std,30.700115244464342,43.14879735809901,30.443889524118383,87.8138648153079
min,23.0,127.0,136.0,306.0
25%,46.0,178.5,164.5,414.0
50%,76.0,208.0,181.0,500.0
75%,94.5,243.0,211.5,541.0
max,127.0,264.0,245.0,580.0
